Workbook

Sheet Peças
A1: estampo_id | B1: pos | C1: quantidade | D1: nome | E1: material | F1: Tratamento térmico | G1: banco
A2: 3 | B2: 1 | C2: 4 | D2: Batente Estabilizador-Ø 31,8 x 71,2 | E2: SAE 1020 | F2: sem tratamento | G2: ="("&"'"&A2&"'"&","&"'"&B2&"'"&","&"'"&C2&"'"&","&"'"&D2&"'"&","&"'"&E2&"'"&","&"'"&F2&"'"&")"&"," -> ('3','1','4','Batente Estabilizador-Ø 31,8 x 71,2','SAE 1020','sem tratamento'),
A3: 3 | B3: 2 | C3: 4 | D3: Garra 28 x 40 x 190 | E3: SAE 1020 | F3: sem tratamento | G3: ="("&"'"&A3&"'"&","&"'"&B3&"'"&","&"'"&C3&"'"&","&"'"&D3&"'"&","&"'"&E3&"'"&","&"'"&F3&"'"&")"&"," -> ('3','2','4','Garra 28 x 40 x 190','SAE 1020','sem tratamento'),
A4: 3 | B4: 3 | C4: 4 | D4: Guia Blank | E4: SAE 1020 | F4: sem tratamento | G4: ="("&"'"&A4&"'"&","&"'"&B4&"'"&","&"'"&C4&"'"&","&"'"&D4&"'"&","&"'"&E4&"'"&","&"'"&F4&"'"&")"&"," -> ('3','3','4','Guia Blank','SAE 1020','sem tratamento'),
A5: 3 | B5: 4 | C5: 1 | D5: Placa Suporte Cilindros | E5: SAE 1020 | F5: sem tratamento | G5: ="("&"'"&A5&"'"&","&"'"&B5&"'"&","&"'"&C5&"'"&","&"'"&D5&"'"&","&"'"&E5&"'"&","&"'"&F5&"'"&")"&"," -> ('3','4','1','Placa Suporte Cilindros','SAE 1020','sem tratamento'),
A6: 3 | B6: 5 | C6: 4 | D6: Batente Inferior Ø31,8 x 80 | E6: SAE 1045 | F6: sem tratamento | G6: ="("&"'"&A6&"'"&","&"'"&B6&"'"&","&"'"&C6&"'"&","&"'"&D6&"'"&","&"'"&E6&"'"&","&"'"&F6&"'"&")"&"," -> ('3','5','4','Batente Inferior Ø31,8 x 80','SAE 1045','sem tratamento'),
A7: 3 | B7: 6 | C7: 4 | D7: Batente Superior Ø31,8 x 92 | E7: SAE 1045 | F7: sem tratamento | G7: ="("&"'"&A7&"'"&","&"'"&B7&"'"&","&"'"&C7&"'"&","&"'"&D7&"'"&","&"'"&E7&"'"&","&"'"&F7&"'"&")"&"," -> ('3','6','4','Batente Superior Ø31,8 x 92','SAE 1045','sem tratamento'),
A8: 3 | B8: 8 | C8: 1 | D8: Calço LD | E8: SAE 1045 | F8: sem tratamento | G8: ="("&"'"&A8&"'"&","&"'"&B8&"'"&","&"'"&C8&"'"&","&"'"&D8&"'"&","&"'"&E8&"'"&","&"'"&F8&"'"&")"&"," -> ('3','8','1','Calço LD','SAE 1045','sem tratamento'),
A9: 3 | B9: 9 | C9: 1 | D9: Calço LE | E9: SAE 1045 | F9: sem tratamento | G9: ="("&"'"&A9&"'"&","&"'"&B9&"'"&","&"'"&C9&"'"&","&"'"&D9&"'"&","&"'"&E9&"'"&","&"'"&F9&"'"&")"&"," -> ('3','9','1','Calço LE','SAE 1045','sem tratamento'),
A10: 3 | B10: 10 | C10: 1 | D10: Calço Superior A | E10: SAE 1045 | F10: sem tratamento | G10: ="("&"'"&A10&"'"&","&"'"&B10&"'"&","&"'"&C10&"'"&","&"'"&D10&"'"&","&"'"&E10&"'"&","&"'"&F10&"'"&")"&"," -> ('3','10','1','Calço Superior A','SAE 1045','sem tratamento'),
A11: 3 | B11: 11 | C11: 1 | D11: Calço Superior B | E11: SAE 1045 | F11: sem tratamento | G11: ="("&"'"&A11&"'"&","&"'"&B11&"'"&","&"'"&C11&"'"&","&"'"&D11&"'"&","&"'"&E11&"'"&","&"'"&F11&"'"&")"&"," -> ('3','11','1','Calço Superior B','SAE 1045','sem tratamento'),
A12: 3 | B12: 12 | C12: 1 | D12: Placa Base Inferior | E12: SAE 1045 | F12: sem tratamento | G12: ="("&"'"&A12&"'"&","&"'"&B12&"'"&","&"'"&C12&"'"&","&"'"&D12&"'"&","&"'"&E12&"'"&","&"'"&F12&"'"&")"&"," -> ('3','12','1','Placa Base Inferior','SAE 1045','sem tratamento'),
A13: 3 | B13: 13 | C13: 1 | D13: Placa Base Superior | E13: SAE 1045 | F13: sem tratamento | G13: ="("&"'"&A13&"'"&","&"'"&B13&"'"&","&"'"&C13&"'"&","&"'"&D13&"'"&","&"'"&E13&"'"&","&"'"&F13&"'"&")"&"," -> ('3','13','1','Placa Base Superior','SAE 1045','sem tratamento'),
... A22: 3 | B22: 51 | C22: 4 | D22: Chaveta | E22: VND | F22: sem tratamento | G22: ="("&"'"&A22&"'"&","&"'"&B22&"'"&","&"'"&C22&"'"&","&"'"&D22&"'"&","&"'"&E22&"'"&","&"'"&F22&"'"&")"&"," -> ('3','51','4','Chaveta','VND','sem tratamento'),

Sheet Processos
A1: SELECT | B1: peca_id | C1: ordem_execucao | D1: nome_operacao | E1: maquina_sugerida | F1: tempo_estimado_horas | G1: Banco
A2: ="(SELECT id FROM pecas WHERE nome = '"&Peças!D13&"' AND estampo_id = 3 LIMIT 1)" -> (SELECT id FROM pecas WHERE nome = 'Placa Base Superior' AND estampo_id = 3 LIMIT 1) | C2: 1 | D2: Desmontar Porta Estampo | E2: Bancada de Ferramentas, Pórtico | F2: 1.0 | G2: ="("&A2&""&B2&","&"'"&C2&"'"&","&"'"&D2&"'"&","&"'"&E2&"'"&","&"'"&F2&"'"&")"&"," -> ((SELECT id FROM pecas WHERE nome = 'Placa Base Superior' AND estampo_id = 3 LIMIT 1),'1','Desmontar Porta Estampo','Bancada de Ferramentas, Pórtico','1.0'),
A3: ="(SELECT id FROM pecas WHERE nome = '"&Peças!D13&"' AND estampo_id = 3 LIMIT 1)" -> (SELECT id FROM pecas WHERE nome = 'Placa Base Superior' AND estampo_id = 3 LIMIT 1) | C3: 2 | D3: Programação CNC | E3: Software CAM | F3: 8.0 | G3: ="("&A3&""&B3&","&"'"&C3&"'"&","&"'"&D3&"'"&","&"'"&E3&"'"&","&"'"&F3&"'"&")"&"," -> ((SELECT id FROM pecas WHERE nome = 'Placa Base Superior' AND estampo_id = 3 LIMIT 1),'2','Programação CNC','Software CAM','8.0'),
A4: ="(SELECT id FROM pecas WHERE nome = '"&Peças!D13&"' AND estampo_id = 3 LIMIT 1)" -> (SELECT id FROM pecas WHERE nome = 'Placa Base Superior' AND estampo_id = 3 LIMIT 1) | C4: 3 | D4: Fresamento CNC | E4: Centro de Usinagem | F4: 10.0 | G4: ="("&A4&""&B4&","&"'"&C4&"'"&","&"'"&D4&"'"&","&"'"&E4&"'"&","&"'"&F4&"'"&")"&"," -> ((SELECT id FROM pecas WHERE nome = 'Placa Base Superior' AND estampo_id = 3 LIMIT 1),'3','Fresamento CNC','Centro de Usinagem','10.0'),
A5: ="(SELECT id FROM pecas WHERE nome = '"&Peças!D13&"' AND estampo_id = 3 LIMIT 1)" -> (SELECT id FROM pecas WHERE nome = 'Placa Base Superior' AND estampo_id = 3 LIMIT 1) | C5: 4 | D5: Rebarbação e Usinagem das Roscas | E5: Bancada de Ferramentas e Furadeira de Coluna | F5: 4.0 | G5: ="("&A5&""&B5&","&"'"&C5&"'"&","&"'"&D5&"'"&","&"'"&E5&"'"&","&"'"&F5&"'"&")"&"," -> ((SELECT id FROM pecas WHERE nome = 'Placa Base Superior' AND estampo_id = 3 LIMIT 1),'4','Rebarbação e Usinagem das Roscas','Bancada de Ferramentas e Furadeira de Coluna','4.0'),
A6: ="(SELECT id FROM pecas WHERE nome = '"&Peças!D13&"' AND estampo_id = 3 LIMIT 1)" -> (SELECT id FROM pecas WHERE nome = 'Placa Base Superior' AND estampo_id = 3 LIMIT 1) | C6: 5 | D6: Montagem das Colunas Guias | E6: Bancada de Ferramentas | F6: 2.0 | G6: ="("&A6&""&B6&","&"'"&C6&"'"&","&"'"&D6&"'"&","&"'"&E6&"'"&","&"'"&F6&"'"&")"&"," -> ((SELECT id FROM pecas WHERE nome = 'Placa Base Superior' AND estampo_id = 3 LIMIT 1),'5','Montagem das Colunas Guias','Bancada de Ferramentas','2.0'),
A8: ="(SELECT id FROM pecas WHERE nome = '"&Peças!D14&"' AND estampo_id = 3 LIMIT 1)" -> (SELECT id FROM pecas WHERE nome = 'Placa Flutuante' AND estampo_id = 3 LIMIT 1) | C8: 1 | D8: Desmontar Porta Estampo | E8: Bancada de Ferramentas, Pórtico | F8: 1.0 | G8: ="("&A8&""&B8&","&"'"&C8&"'"&","&"'"&D8&"'"&","&"'"&E8&"'"&","&"'"&F8&"'"&")"&"," -> ((SELECT id FROM pecas WHERE nome = 'Placa Flutuante' AND estampo_id = 3 LIMIT 1),'1','Desmontar Porta Estampo','Bancada de Ferramentas, Pórtico','1.0'),
A9: ="(SELECT id FROM pecas WHERE nome = '"&Peças!D14&"' AND estampo_id = 3 LIMIT 1)" -> (SELECT id FROM pecas WHERE nome = 'Placa Flutuante' AND estampo_id = 3 LIMIT 1) | C9: 2 | D9: Programação CNC | E9: Software CAM | F9: 8.0 | G9: ="("&A9&""&B9&","&"'"&C9&"'"&","&"'"&D9&"'"&","&"'"&E9&"'"&","&"'"&F9&"'"&")"&"," -> ((SELECT id FROM pecas WHERE nome = 'Placa Flutuante' AND estampo_id = 3 LIMIT 1),'2','Programação CNC','Software CAM','8.0'),
A10: ="(SELECT id FROM pecas WHERE nome = '"&Peças!D14&"' AND estampo_id = 3 LIMIT 1)" -> (SELECT id FROM pecas WHERE nome = 'Placa Flutuante' AND estampo_id = 3 LIMIT 1) | C10: 3 | D10: Fresamento CNC | E10: Centro de Usinagem | F10: 10.0 | G10: ="("&A10&""&B10&","&"'"&C10&"'"&","&"'"&D10&"'"&","&"'"&E10&"'"&","&"'"&F10&"'"&")"&"," -> ((SELECT id FROM pecas WHERE nome = 'Placa Flutuante' AND estampo_id = 3 LIMIT 1),'3','Fresamento CNC','Centro de Usinagem','10.0'),
A11: ="(SELECT id FROM pecas WHERE nome = '"&Peças!D14&"' AND estampo_id = 3 LIMIT 1)" -> (SELECT id FROM pecas WHERE nome = 'Placa Flutuante' AND estampo_id = 3 LIMIT 1) | C11: 4 | D11: Rebarbação e Usinagem das Roscas | E11: Bancada de Ferramentas e Furadeira de Coluna | F11: 4.0 | G11: ="("&A11&""&B11&","&"'"&C11&"'"&","&"'"&D11&"'"&","&"'"&E11&"'"&","&"'"&F11&"'"&")"&"," -> ((SELECT id FROM pecas WHERE nome = 'Placa Flutuante' AND estampo_id = 3 LIMIT 1),'4','Rebarbação e Usinagem das Roscas','Bancada de Ferramentas e Furadeira de Coluna','4.0'),
A12: ="(SELECT id FROM pecas WHERE nome = '"&Peças!D14&"' AND estampo_id = 3 LIMIT 1)" -> (SELECT id FROM pecas WHERE nome = 'Placa Flutuante' AND estampo_id = 3 LIMIT 1) | C12: 5 | D12: Montagem das Buchas Guias | E12: Bancada de Ferramentas | F12: 2.0 | G12: ="("&A12&""&B12&","&"'"&C12&"'"&","&"'"&D12&"'"&","&"'"&E12&"'"&","&"'"&F12&"'"&")"&"," -> ((SELECT id FROM pecas WHERE nome = 'Placa Flutuante' AND estampo_id = 3 LIMIT 1),'5','Montagem das Buchas Guias','Bancada de Ferramentas','2.0'),
A14: ="(SELECT id FROM pecas WHERE nome = '"&Peças!D2&"' AND estampo_id = 3 LIMIT 1)" -> (SELECT id FROM pecas WHERE nome = 'Batente Estabilizador-Ø 31,8 x 71,2' AND estampo_id = 3 LIMIT 1) | C14: 1 | D14: Verificar Material | E14: Bancada de Ferramentas | F14: 0.25 | G14: ="("&A14&""&B14&","&"'"&C14&"'"&","&"'"&D14&"'"&","&"'"&E14&"'"&","&"'"&F14&"'"&")"&"," -> ((SELECT id FROM pecas WHERE nome = 'Batente Estabilizador-Ø 31,8 x 71,2' AND estampo_id = 3 LIMIT 1),'1','Verificar Material','Bancada de Ferramentas','0.25'),
A15: ="(SELECT id FROM pecas WHERE nome = '"&Peças!D2&"' AND estampo_id = 3 LIMIT 1)" -> (SELECT id FROM pecas WHERE nome = 'Batente Estabilizador-Ø 31,8 x 71,2' AND estampo_id = 3 LIMIT 1) | C15: 2 | D15: Torneamento | E15: Torno Convencional | F15: 3.0 | G15: ="("&A15&""&B15&","&"'"&C15&"'"&","&"'"&D15&"'"&","&"'"&E15&"'"&","&"'"&F15&"'"&")"&"," -> ((SELECT id FROM pecas WHERE nome = 'Batente Estabilizador-Ø 31,8 x 71,2' AND estampo_id = 3 LIMIT 1),'2','Torneamento','Torno Convencional','3.0'),
A16: ="(SELECT id FROM pecas WHERE nome = '"&Peças!D2&"' AND estampo_id = 3 LIMIT 1)" -> (SELECT id FROM pecas WHERE nome = 'Batente Estabilizador-Ø 31,8 x 71,2' AND estampo_id = 3 LIMIT 1) | C16: 3 | D16: Retificação | E16: Retífica Plana | F16: 1.5 | G16: ="("&A16&""&B16&","&"'"&C16&"'"&","&"'"&D16&"'"&","&"'"&E16&"'"&","&"'"&F16&"'"&")"&"," -> ((SELECT id FROM pecas WHERE nome = 'Batente Estabilizador-Ø 31,8 x 71,2' AND estampo_id = 3 LIMIT 1),'3','Retificação','Retífica Plana','1.5'),
A17: ="(SELECT id FROM pecas WHERE nome = '"&Peças!D2&"' AND estampo_id = 3 LIMIT 1)" -> (SELECT id FROM pecas WHERE nome = 'Batente Estabilizador-Ø 31,8 x 71,2' AND estampo_id = 3 LIMIT 1) | C17: 4 | D17: Controle Dimensional | E17: Bancada de Ferramentas | F17: 0.25 | G17: ="("&A17&""&B17&","&"'"&C17&"'"&","&"'"&D17&"'"&","&"'"&E17&"'"&","&"'"&F17&"'"&")"&"," -> ((SELECT id FROM pecas WHERE nome = 'Batente Estabilizador-Ø 31,8 x 71,2' AND estampo_id = 3 LIMIT 1),'4','Controle Dimensional','Bancada de Ferramentas','0.25'),
A19: ="(SELECT id FROM pecas WHERE nome = '"&Peças!D3&"' AND estampo_id = 3 LIMIT 1)" -> (SELECT id FROM pecas WHERE nome = 'Garra 28 x 40 x 190' AND estampo_id = 3 LIMIT 1) | C19: 1 | D19: Verificar Material | E19: Bancada de Ferramentas | F19: 0.25 | G19: ="("&A19&""&B19&","&"'"&C19&"'"&","&"'"&D19&"'"&","&"'"&E19&"'"&","&"'"&F19&"'"&")"&"," -> ((SELECT id FROM pecas WHERE nome = 'Garra 28 x 40 x 190' AND estampo_id = 3 LIMIT 1),'1','Verificar Material','Bancada de Ferramentas','0.25'),
A20: ="(SELECT id FROM pecas WHERE nome = '"&Peças!D3&"' AND estampo_id = 3 LIMIT 1)" -> (SELECT id FROM pecas WHERE nome = 'Garra 28 x 40 x 190' AND estampo_id = 3 LIMIT 1) | C20: 2 | D20: Programação CNC | E20: Software CAM | F20: 1.5 | G20: ="("&A20&""&B20&","&"'"&C20&"'"&","&"'"&D20&"'"&","&"'"&E20&"'"&","&"'"&F20&"'"&")"&"," -> ((SELECT id FROM pecas WHERE nome = 'Garra 28 x 40 x 190' AND estampo_id = 3 LIMIT 1),'2','Programação CNC','Software CAM','1.5'),
A21: ="(SELECT id FROM pecas WHERE nome = '"&Peças!D3&"' AND estampo_id = 3 LIMIT 1)" -> (SELECT id FROM pecas WHERE nome = 'Garra 28 x 40 x 190' AND estampo_id = 3 LIMIT 1) | C21: 3 | D21: Fresamento CNC | E21: Centro de Usinagem | F21: 4.0 | G21: ="("&A21&""&B21&","&"'"&C21&"'"&","&"'"&D21&"'"&","&"'"&E21&"'"&","&"'"&F21&"'"&")"&"," -> ((SELECT id FROM pecas WHERE nome = 'Garra 28 x 40 x 190' AND estampo_id = 3 LIMIT 1),'3','Fresamento CNC','Centro de Usinagem','4.0'),
A22: ="(SELECT id FROM pecas WHERE nome = '"&Peças!D3&"' AND estampo_id = 3 LIMIT 1)" -> (SELECT id FROM pecas WHERE nome = 'Garra 28 x 40 x 190' AND estampo_id = 3 LIMIT 1) | C22: 4 | D22: Rebarbação e Usinagem das Roscas | E22: Bancada de Ferramentas e Furadeira de Coluna | F22: 1.0 | G22: ="("&A22&""&B22&","&"'"&C22&"'"&","&"'"&D22&"'"&","&"'"&E22&"'"&","&"'"&F22&"'"&")"&"," -> ((SELECT id FROM pecas WHERE nome = 'Garra 28 x 40 x 190' AND estampo_id = 3 LIMIT 1),'4','Rebarbação e Usinagem das Roscas','Bancada de Ferramentas e Furadeira de Coluna','1.0'),
A23: ="(SELECT id FROM pecas WHERE nome = '"&Peças!D3&"' AND estampo_id = 3 LIMIT 1)" -> (SELECT id FROM pecas WHERE nome = 'Garra 28 x 40 x 190' AND estampo_id = 3 LIMIT 1) | C23: 5 | D23: Controle Dimensional | E23: Bancada de Ferramentas | F23: 0.25 | G23: ="("&A23&""&B23&","&"'"&C23&"'"&","&"'"&D23&"'"&","&"'"&E23&"'"&","&"'"&F23&"'"&")"&"," -> ((SELECT id FROM pecas WHERE nome = 'Garra 28 x 40 x 190' AND estampo_id = 3 LIMIT 1),'5','Controle Dimensional','Bancada de Ferramentas','0.25'),
A25: ="(SELECT id FROM pecas WHERE nome = '"&Peças!D4&"' AND estampo_id = 3 LIMIT 1)" -> (SELECT id FROM pecas WHERE nome = 'Guia Blank' AND estampo_id = 3 LIMIT 1) | C25: 1 | D25: Verificar Material | E25: Bancada de Ferramentas | F25: 0.25 | G25: ="("&A25&""&B25&","&"'"&C25&"'"&","&"'"&D25&"'"&","&"'"&E25&"'"&","&"'"&F25&"'"&")"&"," -> ((SELECT id FROM pecas WHERE nome = 'Guia Blank' AND estampo_id = 3 LIMIT 1),'1','Verificar Material','Bancada de Ferramentas','0.25'),
A26: ="(SELECT id FROM pecas WHERE nome = '"&Peças!D4&"' AND estampo_id = 3 LIMIT 1)" -> (SELECT id FROM pecas WHERE nome = 'Guia Blank' AND estampo_id = 3 LIMIT 1) | C26: 2 | D26: Programação CNC | E26: Software CAM | F26: 1.5 | G26: ="("&A26&""&B26&","&"'"&C26&"'"&","&"'"&D26&"'"&","&"'"&E26&"'"&","&"'"&F26&"'"&")"&"," -> ((SELECT id FROM pecas WHERE nome = 'Guia Blank' AND estampo_id = 3 LIMIT 1),'2','Programação CNC','Software CAM','1.5'),
A27: ="(SELECT id FROM pecas WHERE nome = '"&Peças!D4&"' AND estampo_id = 3 LIMIT 1)" -> (SELECT id FROM pecas WHERE nome = 'Guia Blank' AND estampo_id = 3 LIMIT 1) | C27: 3 | D27: Fresamento Convencional | E27: Fresadora Universal | F27: 1.5 | G27: ="("&A27&""&B27&","&"'"&C27&"'"&","&"'"&D27&"'"&","&"'"&E27&"'"&","&"'"&F27&"'"&")"&"," -> ((SELECT id FROM pecas WHERE nome = 'Guia Blank' AND estampo_id = 3 LIMIT 1),'3','Fresamento Convencional','Fresadora Universal','1.5'),
A28: ="(SELECT id FROM pecas WHERE nome = '"&Peças!D4&"' AND estampo_id = 3 LIMIT 1)" -> (SELECT id FROM pecas WHERE nome = 'Guia Blank' AND estampo_id = 3 LIMIT 1) | C28: 4 | D28: Retíficação | E28: Retífica Plana | F28: 1.5 | G28: ="("&A28&""&B28&","&"'"&C28&"'"&","&"'"&D28&"'"&","&"'"&E28&"'"&","&"'"&F28&"'"&")"&"," -> ((SELECT id FROM pecas WHERE nome = 'Guia Blank' AND estampo_id = 3 LIMIT 1),'4','Retíficação','Retífica Plana','1.5'),
A29: ="(SELECT id FROM pecas WHERE nome = '"&Peças!D4&"' AND estampo_id = 3 LIMIT 1)" -> (SELECT id FROM pecas WHERE nome = 'Guia Blank' AND estampo_id = 3 LIMIT 1) | C29: 5 | D29: Corte dos perfis | E29: Eletroerosão a fio | F29: 3.0 | G29: ="("&A29&""&B29&","&"'"&C29&"'"&","&"'"&D29&"'"&","&"'"&E29&"'"&","&"'"&F29&"'"&")"&"," -> ((SELECT id FROM pecas WHERE nome = 'Guia Blank' AND estampo_id = 3 LIMIT 1),'5','Corte dos perfis','Eletroerosão a fio','3.0'),
A30: ="(SELECT id FROM pecas WHERE nome = '"&Peças!D4&"' AND estampo_id = 3 LIMIT 1)" -> (SELECT id FROM pecas WHERE nome = 'Guia Blank' AND estampo_id = 3 LIMIT 1) | C30: 6 | D30: Rebarbação | E30: Bancada de Ferramentas | F30: 1.5 | G30: ="("&A30&""&B30&","&"'"&C30&"'"&","&"'"&D30&"'"&","&"'"&E30&"'"&","&"'"&F30&"'"&")"&"," -> ((SELECT id FROM pecas WHERE nome = 'Guia Blank' AND estampo_id = 3 LIMIT 1),'6','Rebarbação','Bancada de Ferramentas','1.5'),
